name,pwd,state,d_name,v_name,v_id,v_nic,v_nic2,destroy,vswitch
sn1-r720-c02-01.puretec.purestorage.com,osmium76,present,vSwitch0,dv01,storage,171,vmnic4,vmnic1000402,absent,vSwitch0
sn1-r720-c02-03.puretec.purestorage.com,osmium76,present,vSwitch0,dv01,storage,171,vmnic4,vmnic1000402,absent,vSwitch0
sn1-r720-c02-05.puretec.purestorage.com,osmium76,present,vSwitch0,dv01,storage,171,vmnic4,vmnic1000402,absent,vSwitch0
sn1-r720-c02-07.puretec.purestorage.com,osmium76,present,vSwitch0,dv01,storage,171,vmnic4,vmnic1000402,absent,vSwitch0
sn1-r720-c02-09.puretec.purestorage.com,osmium76,present,vSwitch0,dv01,storage,171,vmnic4,vmnic1000402,absent,vSwitch0
sn1-r720-c02-11.puretec.purestorage.com,osmium76,present,vSwitch0,dv01,storage,171,vmnic4,vmnic1000402,absent,vSwitch0
sn1-r720-c02-13.puretec.purestorage.com,osmium76,present,vSwitch0,dv01,storage,171,vmnic4,vmnic1000402,absent,vSwitch0
sn1-r720-c02-15.puretec.purestorage.com,osmium76,present,vSwitch0,dv01,storage,171,vmnic4,vmnic1000402,absent,vSwitch0
sn1-r720-c02-17.puretec.purestorage.com,osmium76,present,vSwitch0,dv01,storage,171,vmnic4,vmnic1000402,absent,vSwitch0
sn1-r720-c02-19.puretec.purestorage.com,osmium76,present,vSwitch0,dv01,storage,171,vmnic4,vmnic1000402,absent,vSwitch0
sn1-r720-c02-21.puretec.purestorage.com,osmium76,present,vSwitch0,dv01,storage,171,vmnic4,vmnic1000402,absent,vSwitch0
sn1-r720-c02-23.puretec.purestorage.com,osmium76,present,vSwitch0,dv01,storage,171,vmnic4,vmnic1000402,absent,vSwitch0
sn1-r720-c02-25.puretec.purestorage.com,osmium76,present,vSwitch0,dv01,storage,171,vmnic4,vmnic1000402,absent,vSwitch0
sn1-r720-c02-27.puretec.purestorage.com,osmium76,present,vSwitch0,dv01,storage,171,vmnic4,vmnic1000402,absent,vSwitch0
sn1-r720-c02-29.puretec.purestorage.com,osmium76,present,vSwitch0,dv01,storage,171,vmnic4,vmnic1000402,absent,vSwitch0
sn1-r720-c02-31.puretec.purestorage.com,osmium76,present,vSwitch0,dv01,storage,171,vmnic4,vmnic1000402,absent,vSwitch0
