host,wwna,wwnb,state,vol,array,token
sn1-r720-c01-11,21:00:00:0e:1e:1f:69:70,21:00:00:0e:1e:1f:69:71,present,vol01,sn1-x90r2-a05-22,5efc5c4a-22b1-68d0-7201-31baae6b9036
sn1-r720-c01-01,21:00:00:0e:1e:1e:0c:10,21:00:00:0e:1e:1e:0c:11,present,vol01,sn1-x90r2-a05-22,5efc5c4a-22b1-68d0-7201-31baae6b9036
sn1-r720-c01-07,21:00:00:0e:1e:1e:e7:90,21:00:00:0e:1e:1e:e7:91,present,vol01,sn1-x90r2-a05-22,5efc5c4a-22b1-68d0-7201-31baae6b9036
sn1-r720-c01-09,21:00:00:0e:1e:1b:f2:50,21:00:00:0e:1e:1b:f2:51,present,vol01,sn1-x90r2-a05-22,5efc5c4a-22b1-68d0-7201-31baae6b9036
sn1-r720-c01-13,21:00:00:0e:1e:19:0c:60,21:00:00:0e:1e:19:0c:61,present,vol01,sn1-x90r2-a05-22,5efc5c4a-22b1-68d0-7201-31baae6b9036
sn1-r720-c01-15,21:00:00:0e:1e:1d:85:c0,21:00:00:0e:1e:1d:85:c1,present,vol01,sn1-x90r2-a05-22,5efc5c4a-22b1-68d0-7201-31baae6b9036
sn1-r720-c01-17,21:00:00:0e:1e:1f:73:30,21:00:00:0e:1e:1f:73:31,present,vol01,sn1-x90r2-a05-22,5efc5c4a-22b1-68d0-7201-31baae6b9036
sn1-r720-c01-19,21:00:00:0e:1e:25:8c:d0,21:00:00:0e:1e:25:8c:d1,present,vol01,sn1-x90r2-a05-22,5efc5c4a-22b1-68d0-7201-31baae6b9036
sn1-r720-c01-21,21:00:00:0e:1e:1e:99:f0,21:00:00:0e:1e:1e:99:f1,present,vol01,sn1-x90r2-a05-22,5efc5c4a-22b1-68d0-7201-31baae6b9036
sn1-r720-c01-25,21:00:00:0e:1e:1f:7b:40,21:00:00:0e:1e:1f:7b:41,present,vol01,sn1-x90r2-a05-22,5efc5c4a-22b1-68d0-7201-31baae6b9036
sn1-r720-c01-27,21:00:00:0e:1e:1e:f0:e0,21:00:00:0e:1e:1e:f0:e1,present,vol01,sn1-x90r2-a05-22,5efc5c4a-22b1-68d0-7201-31baae6b9036
sn1-r720-c01-29,21:00:00:0e:1e:25:9b:40,21:00:00:0e:1e:25:9b:41,present,vol01,sn1-x90r2-a05-22,5efc5c4a-22b1-68d0-7201-31baae6b9036
sn1-r720-c01-31,21:00:00:0e:1e:25:84:c0,21:00:00:0e:1e:25:84:c1,present,vol01,sn1-x90r2-a05-22,5efc5c4a-22b1-68d0-7201-31baae6b9036
