host,vm
sn1-r720-c02-01.puretec.purestorage.com,devwin01
sn1-r720-c02-03.puretec.purestorage.com,devwin02
sn1-r720-c02-05.puretec.purestorage.com,devwin03
sn1-r720-c02-07.puretec.purestorage.com,devwin04
sn1-r720-c02-09.puretec.purestorage.com,devwin05
sn1-r720-c02-11.puretec.purestorage.com,devwin06
sn1-r720-c02-13.puretec.purestorage.com,devwin07
sn1-r720-c02-15.puretec.purestorage.com,devwin08
sn1-r720-c02-17.puretec.purestorage.com,devwin09
sn1-r720-c02-19.puretec.purestorage.com,devwin10
sn1-r720-c02-21.puretec.purestorage.com,devwin11
sn1-r720-c02-23.puretec.purestorage.com,devwin12
sn1-r720-c02-25.puretec.purestorage.com,devwin13
sn1-r720-c02-27.puretec.purestorage.com,devwin14
sn1-r720-c02-29.puretec.purestorage.com,devwin15
sn1-r720-c02-31.puretec.purestorage.com,devwin16
